<?xml version="1.0" encoding="UTF-8"?>
<project-private xmlns="http://www.netbeans.org/ns/project-private/1">
    <editor-bookmarks xmlns="http://www.netbeans.org/ns/editor-bookmarks/2" lastBookmarkId="0"/>
    <open-files xmlns="http://www.netbeans.org/ns/projectui-open-files/2">
        <group>
            <file>file:/C:/Users/nicol/OneDrive/Documents/NetBeansProjects/ProyectoVeterinaria/src/proyectobases/RegMascotas.java</file>
            <file>file:/C:/Users/nicol/OneDrive/Documents/NetBeansProjects/ProyectoVeterinaria/src/proyectobases/RegDueños.java</file>
            <file>file:/C:/Users/nicol/OneDrive/Documents/NetBeansProjects/ProyectoVeterinaria/src/proyectobases/PgPrincipalVeterinaria.java</file>
            <file>file:/C:/Users/nicol/OneDrive/Documents/NetBeansProjects/ProyectoVeterinaria/src/proyectobases/RegVeterinarios.java</file>
        </group>
    </open-files>
</project-private>
